time,.header.seq,.header.stamp.secs,.header.stamp.nsecs,.header.frame_id,.name,.position,.velocity,.effort
2022/02/24/13:33:22.742890,2152,1645706002,732214927,,"['base_to_pipe_x_radar', 'base_to_pipe_y_radar', 'base_to_pipe_z_radar'],1.0097, -0.009699695792840236, 0.0,0.0,",
2022/02/24/13:33:22.824524,2153,1645706002,815916776,,"['base_to_pipe_x_radar', 'base_to_pipe_y_radar', 'base_to_pipe_z_radar'],1.0135, -0.013499179964669063, 0.0,0.0,",
2022/02/24/13:33:22.860899,2154,1645706002,859038114,,"['base_to_pipe_x_radar', 'base_to_pipe_y_radar', 'base_to_pipe_z_radar'],1.0141, -0.01409906570444585, 0.0,0.0,",
2022/02/24/13:33:22.910534,2155,1645706002,902331829,,"['base_to_pipe_x_radar', 'base_to_pipe_y_radar', 'base_to_pipe_z_radar'],1.0104, -0.010399625069664476, 0.0,0.0,",
2022/02/24/13:33:22.946845,2156,1645706002,945394277,,"['base_to_pipe_x_radar', 'base_to_pipe_y_radar', 'base_to_pipe_z_radar'],1.0072, -0.007199875587869787, 0.0,0.0,",
2022/02/24/13:33:22.990567,2157,1645706002,987697362,,"['base_to_pipe_x_radar', 'base_to_pipe_y_radar', 'base_to_pipe_z_radar'],1.0165, -0.016498502869548612, 0.0,0.0,",
2022/02/24/13:33:23.031866,2158,1645706003,29574394,,"['base_to_pipe_x_radar', 'base_to_pipe_y_radar', 'base_to_pipe_z_radar'],1.0057, -0.005699938270203394, 0.0,0.0,",
2022/02/24/13:33:23.113714,2159,1645706003,110216856,,"['base_to_pipe_x_radar', 'base_to_pipe_y_radar', 'base_to_pipe_z_radar'],1.0132, -0.013199233424139412, 0.0,0.0,",
2022/02/24/13:33:23.165855,2160,1645706003,159417390,,"['base_to_pipe_x_radar', 'base_to_pipe_y_radar', 'base_to_pipe_z_radar'],1.0035, -0.003499985708438435, 0.0,0.0,",
2022/02/24/13:33:23.211514,2161,1645706003,209134340,,"['base_to_pipe_x_radar', 'base_to_pipe_y_radar', 'base_to_pipe_z_radar'],1.0017, -0.0016999983623362078, 0.0,0.0,",
2022/02/24/13:33:23.256512,2162,1645706003,254722595,,"['base_to_pipe_x_radar', 'base_to_pipe_y_radar', 'base_to_pipe_z_radar'],1.0023, -0.0022999959443461746, 0.0,0.0,",
2022/02/24/13:33:23.299512,2163,1645706003,297276020,,"['base_to_pipe_x_radar', 'base_to_pipe_y_radar', 'base_to_pipe_z_radar'],1.7789, -0.0022999959443461746, 0.0,0.0,",
2022/02/24/13:33:23.343573,2164,1645706003,341573715,,"['base_to_pipe_x_radar', 'base_to_pipe_y_radar', 'base_to_pipe_z_radar'],0.9967, 0.0032999880210782396, 0.0,0.0,",
2022/02/24/13:33:23.386823,2165,1645706003,382661104,,"['base_to_pipe_x_radar', 'base_to_pipe_y_radar', 'base_to_pipe_z_radar'],0.9944, 0.005599941462434822, 0.0,0.0,",
2022/02/24/13:33:23.483723,2166,1645706003,477881908,,"['base_to_pipe_x_radar', 'base_to_pipe_y_radar', 'base_to_pipe_z_radar'],0.9953, 0.004699965392792054, 0.0,0.0,",
2022/02/24/13:33:23.526801,2167,1645706003,523720264,,"['base_to_pipe_x_radar', 'base_to_pipe_y_radar', 'base_to_pipe_z_radar'],0.9918, 0.008199816218081092, 0.0,0.0,",
2022/02/24/13:33:23.576013,2168,1645706003,571577787,,"['base_to_pipe_x_radar', 'base_to_pipe_y_radar', 'base_to_pipe_z_radar'],0.9915, 0.008499795300540267, 0.0,0.0,",
2022/02/24/13:33:23.666094,2169,1645706003,658408880,,"['base_to_pipe_x_radar', 'base_to_pipe_y_radar', 'base_to_pipe_z_radar'],0.992, 0.007999829339886641, 0.0,0.0,",
2022/02/24/13:33:23.715967,2170,1645706003,707773685,,"['base_to_pipe_x_radar', 'base_to_pipe_y_radar', 'base_to_pipe_z_radar'],0.9907, 0.009299731894912882, 0.0,0.0,",
2022/02/24/13:33:23.762077,2171,1645706003,758284807,,"['base_to_pipe_x_radar', 'base_to_pipe_y_radar', 'base_to_pipe_z_radar'],0.9902, 0.00979968628741054, 0.0,0.0,",
2022/02/24/13:33:23.806479,2172,1645706003,803432226,,"['base_to_pipe_x_radar', 'base_to_pipe_y_radar', 'base_to_pipe_z_radar'],0.9912, 0.008799772853220752, 0.0,0.0,",
2022/02/24/13:33:23.885682,2173,1645706003,880919694,,"['base_to_pipe_x_radar', 'base_to_pipe_y_radar', 'base_to_pipe_z_radar'],0.9867, 0.013299215870887723, 0.0,0.0,",
2022/02/24/13:33:23.966189,2174,1645706003,963142156,,"['base_to_pipe_x_radar', 'base_to_pipe_y_radar', 'base_to_pipe_z_radar'],0.993, 0.006999885670027955, 0.0,0.0,",
2022/02/24/13:33:24.009976,2175,1645706004,5014896,,"['base_to_pipe_x_radar', 'base_to_pipe_y_radar', 'base_to_pipe_z_radar'],0.9901, 0.00989967658601849, 0.0,0.0,",
2022/02/24/13:33:24.058535,2176,1645706004,51967382,,"['base_to_pipe_x_radar', 'base_to_pipe_y_radar', 'base_to_pipe_z_radar'],0.9958, 0.004199975304261361, 0.0,0.0,",
2022/02/24/13:33:24.102054,2177,1645706004,97666501,,"['base_to_pipe_x_radar', 'base_to_pipe_y_radar', 'base_to_pipe_z_radar'],0.9957, 0.0042999734979606505, 0.0,0.0,",
2022/02/24/13:33:24.147085,2178,1645706004,142133235,,"['base_to_pipe_x_radar', 'base_to_pipe_y_radar', 'base_to_pipe_z_radar'],2.4399, 0.0042999734979606505, 0.0,0.0,",
2022/02/24/13:33:24.191560,2179,1645706004,187610149,,"['base_to_pipe_x_radar', 'base_to_pipe_y_radar', 'base_to_pipe_z_radar'],2.44, 0.0042999734979606505, 0.0,0.0,",
2022/02/24/13:33:24.236197,2180,1645706004,232383489,,"['base_to_pipe_x_radar', 'base_to_pipe_y_radar', 'base_to_pipe_z_radar'],1.0005, -0.0004999999583332845, 0.0,0.0,",
2022/02/24/13:33:24.319200,2181,1645706004,313169717,,"['base_to_pipe_x_radar', 'base_to_pipe_y_radar', 'base_to_pipe_z_radar'],1.0022, -0.0021999964506769537, 0.0,0.0,",
2022/02/24/13:33:24.366279,2182,1645706004,360466241,,"['base_to_pipe_x_radar', 'base_to_pipe_y_radar', 'base_to_pipe_z_radar'],2.4383, -0.0021999964506769537, 0.0,0.0,",
2022/02/24/13:33:24.412315,2183,1645706004,407995223,,"['base_to_pipe_x_radar', 'base_to_pipe_y_radar', 'base_to_pipe_z_radar'],1.0041, -0.004099977026565035, 0.0,0.0,",
2022/02/24/13:33:24.462132,2184,1645706004,453032493,,"['base_to_pipe_x_radar', 'base_to_pipe_y_radar', 'base_to_pipe_z_radar'],1.014, -0.013999085440883088, 0.0,0.0,",
2022/02/24/13:33:24.508491,2185,1645706004,502321720,,"['base_to_pipe_x_radar', 'base_to_pipe_y_radar', 'base_to_pipe_z_radar'],1.0056, -0.005599941462434822, 0.0,0.0,",
2022/02/24/13:33:24.558202,2186,1645706004,551006317,,"['base_to_pipe_x_radar', 'base_to_pipe_y_radar', 'base_to_pipe_z_radar'],1.0084, -0.00839980244036378, 0.0,0.0,",
2022/02/24/13:33:24.600506,2187,1645706004,596213579,,"['base_to_pipe_x_radar', 'base_to_pipe_y_radar', 'base_to_pipe_z_radar'],1.015, -0.014998875151850498, 0.0,0.0,",
2022/02/24/13:33:24.648716,2188,1645706004,644340753,,"['base_to_pipe_x_radar', 'base_to_pipe_y_radar', 'base_to_pipe_z_radar'],1.0176, -0.01759818307900711, 0.0,0.0,",
2022/02/24/13:33:24.696473,2189,1645706004,689350128,,"['base_to_pipe_x_radar', 'base_to_pipe_y_radar', 'base_to_pipe_z_radar'],1.0155, -0.015498758887234896, 0.0,0.0,",
2022/02/24/13:33:24.740158,2190,1645706004,737025499,,"['base_to_pipe_x_radar', 'base_to_pipe_y_radar', 'base_to_pipe_z_radar'],1.0099, -0.00989967658601849, 0.0,0.0,",
2022/02/24/13:33:24.814539,2191,1645706004,813056945,,"['base_to_pipe_x_radar', 'base_to_pipe_y_radar', 'base_to_pipe_z_radar'],1.006, -0.005999928001555166, 0.0,0.0,",
2022/02/24/13:33:24.856063,2192,1645706004,853484869,,"['base_to_pipe_x_radar', 'base_to_pipe_y_radar', 'base_to_pipe_z_radar'],1.7807, -0.005999928001555166, 0.0,0.0,",
2022/02/24/13:33:24.895140,2193,1645706004,892123699,,"['base_to_pipe_x_radar', 'base_to_pipe_y_radar', 'base_to_pipe_z_radar'],1.0037, -0.00369998311580539, 0.0,0.0,",
2022/02/24/13:33:24.933027,2194,1645706004,931106567,,"['base_to_pipe_x_radar', 'base_to_pipe_y_radar', 'base_to_pipe_z_radar'],2.4409, -0.00369998311580539, 0.0,0.0,",
2022/02/24/13:33:25.012641,2195,1645706005,8713483,,"['base_to_pipe_x_radar', 'base_to_pipe_y_radar', 'base_to_pipe_z_radar'],1.0027, -0.0026999934390286224, 0.0,0.0,",
2022/02/24/13:33:25.061110,2196,1645706005,56585311,,"['base_to_pipe_x_radar', 'base_to_pipe_y_radar', 'base_to_pipe_z_radar'],2.4385, -0.0026999934390286224, 0.0,0.0,",
2022/02/24/13:33:25.104945,2197,1645706005,99186897,,"['base_to_pipe_x_radar', 'base_to_pipe_y_radar', 'base_to_pipe_z_radar'],1.7812, -0.0026999934390286224, 0.0,0.0,",
2022/02/24/13:33:25.151425,2198,1645706005,148271560,,"['base_to_pipe_x_radar', 'base_to_pipe_y_radar', 'base_to_pipe_z_radar'],0.9984, 0.0015999986346688097, 0.0,0.0,",
2022/02/24/13:33:25.192680,2199,1645706005,190500259,,"['base_to_pipe_x_radar', 'base_to_pipe_y_radar', 'base_to_pipe_z_radar'],0.9972, 0.002799992682701112, 0.0,0.0,",
2022/02/24/13:33:25.246701,2200,1645706005,238197088,,"['base_to_pipe_x_radar', 'base_to_pipe_y_radar', 'base_to_pipe_z_radar'],0.9949, 0.005099955783690031, 0.0,0.0,",
2022/02/24/13:33:25.319259,2201,1645706005,316523790,,"['base_to_pipe_x_radar', 'base_to_pipe_y_radar', 'base_to_pipe_z_radar'],0.9946, 0.005399947512918272, 0.0,0.0,",
2022/02/24/13:33:25.360872,2202,1645706005,359512329,,"['base_to_pipe_x_radar', 'base_to_pipe_y_radar', 'base_to_pipe_z_radar'],0.99, 0.009999666686665246, 0.0,0.0,",
2022/02/24/13:33:25.402697,2203,1645706005,400539159,,"['base_to_pipe_x_radar', 'base_to_pipe_y_radar', 'base_to_pipe_z_radar'],0.9941, 0.005899931541763163, 0.0,0.0,",
2022/02/24/13:33:25.447075,2204,1645706005,440701723,,"['base_to_pipe_x_radar', 'base_to_pipe_y_radar', 'base_to_pipe_z_radar'],0.9917, 0.008299809412211001, 0.0,0.0,",
2022/02/24/13:33:25.496131,2205,1645706005,493082761,,"['base_to_pipe_x_radar', 'base_to_pipe_y_radar', 'base_to_pipe_z_radar'],0.9898, 0.010199646286079962, 0.0,0.0,",
2022/02/24/13:33:25.538161,2206,1645706005,535418987,,"['base_to_pipe_x_radar', 'base_to_pipe_y_radar', 'base_to_pipe_z_radar'],0.9896, 0.010399625069664476, 0.0,0.0,",
2022/02/24/13:33:25.618698,2207,1645706005,615535020,,"['base_to_pipe_x_radar', 'base_to_pipe_y_radar', 'base_to_pipe_z_radar'],0.9905, 0.009499714223807907, 0.0,0.0,",
2022/02/24/13:33:25.664970,2208,1645706005,661330223,,"['base_to_pipe_x_radar', 'base_to_pipe_y_radar', 'base_to_pipe_z_radar'],0.9922, 0.007799841821774127, 0.0,0.0,",
2022/02/24/13:33:25.715609,2209,1645706005,707441091,,"['base_to_pipe_x_radar', 'base_to_pipe_y_radar', 'base_to_pipe_z_radar'],0.9932, 0.006799895192241133, 0.0,0.0,",
2022/02/24/13:33:25.755555,2210,1645706005,750558137,,"['base_to_pipe_x_radar', 'base_to_pipe_y_radar', 'base_to_pipe_z_radar'],0.9918, 0.008199816218081092, 0.0,0.0,",
2022/02/24/13:33:25.799663,2211,1645706005,795061826,,"['base_to_pipe_x_radar', 'base_to_pipe_y_radar', 'base_to_pipe_z_radar'],0.9944, 0.005599941462434822, 0.0,0.0,",
2022/02/24/13:33:25.844588,2212,1645706005,840485334,,"['base_to_pipe_x_radar', 'base_to_pipe_y_radar', 'base_to_pipe_z_radar'],2.4393, 0.005599941462434822, 0.0,0.0,",
2022/02/24/13:33:25.883574,2213,1645706005,881268501,,"['base_to_pipe_x_radar', 'base_to_pipe_y_radar', 'base_to_pipe_z_radar'],0.9972, 0.002799992682701112, 0.0,0.0,",
2022/02/24/13:33:25.960591,2214,1645706005,957334280,,"['base_to_pipe_x_radar', 'base_to_pipe_y_radar', 'base_to_pipe_z_radar'],0.9953, 0.004699965392792054, 0.0,0.0,",
2022/02/24/13:33:26.003507,2215,1645706006,17642,,"['base_to_pipe_x_radar', 'base_to_pipe_y_radar', 'base_to_pipe_z_radar'],2.4401, 0.004699965392792054, 0.0,0.0,",
2022/02/24/13:33:26.045027,2216,1645706006,42321205,,"['base_to_pipe_x_radar', 'base_to_pipe_y_radar', 'base_to_pipe_z_radar'],0.9991, 0.00089999975700013, 0.0,0.0,",
2022/02/24/13:33:26.086262,2217,1645706006,83146810,,"['base_to_pipe_x_radar', 'base_to_pipe_y_radar', 'base_to_pipe_z_radar'],2.4395, 0.00089999975700013, 0.0,0.0,",
2022/02/24/13:33:26.167730,2218,1645706006,164093732,,"['base_to_pipe_x_radar', 'base_to_pipe_y_radar', 'base_to_pipe_z_radar'],1.0027, -0.0026999934390286224, 0.0,0.0,",
2022/02/24/13:33:26.221180,2219,1645706006,208450555,,"['base_to_pipe_x_radar', 'base_to_pipe_y_radar', 'base_to_pipe_z_radar'],1.0108, -0.010799580125384034, 0.0,0.0,",
2022/02/24/13:33:26.275568,2220,1645706006,262022972,,"['base_to_pipe_x_radar', 'base_to_pipe_y_radar', 'base_to_pipe_z_radar'],1.0036, -0.0035999844481209788, 0.0,0.0,",
2022/02/24/13:33:26.329754,2221,1645706006,314058780,,"['base_to_pipe_x_radar', 'base_to_pipe_y_radar', 'base_to_pipe_z_radar'],2.4385, -0.0035999844481209788, 0.0,0.0,",
2022/02/24/13:33:26.365380,2222,1645706006,361617088,,"['base_to_pipe_x_radar', 'base_to_pipe_y_radar', 'base_to_pipe_z_radar'],2.4404, -0.0035999844481209788, 0.0,0.0,",
2022/02/24/13:33:26.439562,2223,1645706006,436205863,,"['base_to_pipe_x_radar', 'base_to_pipe_y_radar', 'base_to_pipe_z_radar'],1.0052, -0.005199953131427153, 0.0,0.0,",
2022/02/24/13:33:26.512479,2224,1645706006,509790897,,"['base_to_pipe_x_radar', 'base_to_pipe_y_radar', 'base_to_pipe_z_radar'],1.0051, -0.005099955783690142, 0.0,0.0,",
2022/02/24/13:33:26.552573,2225,1645706006,551097631,,"['base_to_pipe_x_radar', 'base_to_pipe_y_radar', 'base_to_pipe_z_radar'],1.0089, -0.008899765021500729, 0.0,0.0,",
2022/02/24/13:33:26.596467,2226,1645706006,593515157,,"['base_to_pipe_x_radar', 'base_to_pipe_y_radar', 'base_to_pipe_z_radar'],2.4395, -0.008899765021500729, 0.0,0.0,",
2022/02/24/13:33:26.643074,2227,1645706006,635862112,,"['base_to_pipe_x_radar', 'base_to_pipe_y_radar', 'base_to_pipe_z_radar'],1.005, -0.004999958333958216, 0.0,0.0,",
2022/02/24/13:33:26.715404,2228,1645706006,713378667,,"['base_to_pipe_x_radar', 'base_to_pipe_y_radar', 'base_to_pipe_z_radar'],2.4408, -0.004999958333958216, 0.0,0.0,",
2022/02/24/13:33:26.762824,2229,1645706006,755316019,,"['base_to_pipe_x_radar', 'base_to_pipe_y_radar', 'base_to_pipe_z_radar'],1.0043, -0.0042999734979606505, 0.0,0.0,",
2022/02/24/13:33:26.807526,2230,1645706006,802662611,,"['base_to_pipe_x_radar', 'base_to_pipe_y_radar', 'base_to_pipe_z_radar'],1.0019, -0.0018999977136716316, 0.0,0.0,",
2022/02/24/13:33:26.850208,2231,1645706006,847751855,,"['base_to_pipe_x_radar', 'base_to_pipe_y_radar', 'base_to_pipe_z_radar'],1.0011, -0.0010999995563337563, 0.0,0.0,",
2022/02/24/13:33:26.890615,2232,1645706006,887660026,,"['base_to_pipe_x_radar', 'base_to_pipe_y_radar', 'base_to_pipe_z_radar'],2.4388, -0.0010999995563337563, 0.0,0.0,",
2022/02/24/13:33:26.938583,2233,1645706006,928724765,,"['base_to_pipe_x_radar', 'base_to_pipe_y_radar', 'base_to_pipe_z_radar'],0.9981, 0.0018999977136716316, 0.0,0.0,",
2022/02/24/13:33:27.007891,2234,1645706007,4724264,,"['base_to_pipe_x_radar', 'base_to_pipe_y_radar', 'base_to_pipe_z_radar'],1.7784, 0.0018999977136716316, 0.0,0.0,",
2022/02/24/13:33:27.058256,2235,1645706007,47853708,,"['base_to_pipe_x_radar', 'base_to_pipe_y_radar', 'base_to_pipe_z_radar'],0.9961, 0.003899980227180461, 0.0,0.0,",
2022/02/24/13:33:27.095648,2236,1645706007,92859029,,"['base_to_pipe_x_radar', 'base_to_pipe_y_radar', 'base_to_pipe_z_radar'],2.4397, 0.003899980227180461, 0.0,0.0,",
2022/02/24/13:33:27.137441,2237,1645706007,133930683,,"['base_to_pipe_x_radar', 'base_to_pipe_y_radar', 'base_to_pipe_z_radar'],0.9953, 0.004699965392792054, 0.0,0.0,",
2022/02/24/13:33:27.221792,2238,1645706007,219066143,,"['base_to_pipe_x_radar', 'base_to_pipe_y_radar', 'base_to_pipe_z_radar'],0.9925, 0.007499859379745854, 0.0,0.0,",
2022/02/24/13:33:27.261265,2239,1645706007,259818553,,"['base_to_pipe_x_radar', 'base_to_pipe_y_radar', 'base_to_pipe_z_radar'],0.9894, 0.010599603021429085, 0.0,0.0,",
2022/02/24/13:33:27.306255,2240,1645706007,303668737,,"['base_to_pipe_x_radar', 'base_to_pipe_y_radar', 'base_to_pipe_z_radar'],0.9924, 0.007599853679737559, 0.0,0.0,",
2022/02/24/13:33:27.349905,2241,1645706007,348348855,,"['base_to_pipe_x_radar', 'base_to_pipe_y_radar', 'base_to_pipe_z_radar'],0.9932, 0.006799895192241133, 0.0,0.0,",
2022/02/24/13:33:27.397493,2242,1645706007,396056890,,"['base_to_pipe_x_radar', 'base_to_pipe_y_radar', 'base_to_pipe_z_radar'],0.9928, 0.007199875587869676, 0.0,0.0,",
2022/02/24/13:33:27.437351,2243,1645706007,435906887,,"['base_to_pipe_x_radar', 'base_to_pipe_y_radar', 'base_to_pipe_z_radar'],0.9903, 0.009699695792840236, 0.0,0.0,",
2022/02/24/13:33:27.514836,2244,1645706007,511577606,,"['base_to_pipe_x_radar', 'base_to_pipe_y_radar', 'base_to_pipe_z_radar'],0.9926, 0.007399864929771135, 0.0,0.0,",
2022/02/24/13:33:27.555318,2245,1645706007,552665233,,"['base_to_pipe_x_radar', 'base_to_pipe_y_radar', 'base_to_pipe_z_radar'],0.9952, 0.004799963136509626, 0.0,0.0,",
2022/02/24/13:33:27.601538,2246,1645706007,594200611,,"['base_to_pipe_x_radar', 'base_to_pipe_y_radar', 'base_to_pipe_z_radar'],2.4397, 0.004799963136509626, 0.0,0.0,",
2022/02/24/13:33:27.647052,2247,1645706007,641506195,,"['base_to_pipe_x_radar', 'base_to_pipe_y_radar', 'base_to_pipe_z_radar'],0.9957, 0.0042999734979606505, 0.0,0.0,",
2022/02/24/13:33:27.683031,2248,1645706007,680642604,,"['base_to_pipe_x_radar', 'base_to_pipe_y_radar', 'base_to_pipe_z_radar'],2.4397, 0.0042999734979606505, 0.0,0.0,",
2022/02/24/13:33:27.758773,2249,1645706007,757166385,,"['base_to_pipe_x_radar', 'base_to_pipe_y_radar', 'base_to_pipe_z_radar'],0.9976, 0.002399995392015883, 0.0,0.0,",
2022/02/24/13:33:27.800641,2250,1645706007,797960996,,"['base_to_pipe_x_radar', 'base_to_pipe_y_radar', 'base_to_pipe_z_radar'],2.4391, 0.002399995392015883, 0.0,0.0,",
2022/02/24/13:33:27.839289,2251,1645706007,838001012,,"['base_to_pipe_x_radar', 'base_to_pipe_y_radar', 'base_to_pipe_z_radar'],0.9998, 0.00019999999733331136, 0.0,0.0,",
2022/02/24/13:33:27.878826,2252,1645706007,877255201,,"['base_to_pipe_x_radar', 'base_to_pipe_y_radar', 'base_to_pipe_z_radar'],2.4412, 0.00019999999733331136, 0.0,0.0,",
2022/02/24/13:33:27.960909,2253,1645706007,953536748,,"['base_to_pipe_x_radar', 'base_to_pipe_y_radar', 'base_to_pipe_z_radar'],1.0017, -0.0016999983623362078, 0.0,0.0,",
2022/02/24/13:33:28.002139,2254,1645706008,18835,,"['base_to_pipe_x_radar', 'base_to_pipe_y_radar', 'base_to_pipe_z_radar'],2.4396, -0.0016999983623362078, 0.0,0.0,",
2022/02/24/13:33:28.044919,2255,1645706008,43128252,,"['base_to_pipe_x_radar', 'base_to_pipe_y_radar', 'base_to_pipe_z_radar'],1.0067, -0.006699899748366759, 0.0,0.0,",
2022/02/24/13:33:28.100445,2256,1645706008,91587305,,"['base_to_pipe_x_radar', 'base_to_pipe_y_radar', 'base_to_pipe_z_radar'],1.0037, -0.00369998311580539, 0.0,0.0,",
2022/02/24/13:33:28.148801,2257,1645706008,143245935,,"['base_to_pipe_x_radar', 'base_to_pipe_y_radar', 'base_to_pipe_z_radar'],1.0051, -0.005099955783690142, 0.0,0.0,",
2022/02/24/13:33:28.191745,2258,1645706008,187009572,,"['base_to_pipe_x_radar', 'base_to_pipe_y_radar', 'base_to_pipe_z_radar'],1.0071, -0.007099880699941768, 0.0,0.0,",
2022/02/24/13:33:28.246222,2259,1645706008,235447645,,"['base_to_pipe_x_radar', 'base_to_pipe_y_radar', 'base_to_pipe_z_radar'],1.008, -0.007999829339886641, 0.0,0.0,",
2022/02/24/13:33:28.289091,2260,1645706008,284353017,,"['base_to_pipe_x_radar', 'base_to_pipe_y_radar', 'base_to_pipe_z_radar'],1.0067, -0.006699899748366759, 0.0,0.0,",
2022/02/24/13:33:28.369280,2261,1645706008,366789579,,"['base_to_pipe_x_radar', 'base_to_pipe_y_radar', 'base_to_pipe_z_radar'],1.0047, -0.004699965392791943, 0.0,0.0,",
2022/02/24/13:33:28.410953,2262,1645706008,408035278,,"['base_to_pipe_x_radar', 'base_to_pipe_y_radar', 'base_to_pipe_z_radar'],1.0039, -0.003899980227180461, 0.0,0.0,",
2022/02/24/13:33:28.486964,2263,1645706008,484447240,,"['base_to_pipe_x_radar', 'base_to_pipe_y_radar', 'base_to_pipe_z_radar'],1.0044, -0.004399971605663121, 0.0,0.0,",
2022/02/24/13:33:28.566790,2264,1645706008,562875986,,"['base_to_pipe_x_radar', 'base_to_pipe_y_radar', 'base_to_pipe_z_radar'],1.0017, -0.0016999983623362078, 0.0,0.0,",
2022/02/24/13:33:28.626837,2265,1645706008,620733022,,"['base_to_pipe_x_radar', 'base_to_pipe_y_radar', 'base_to_pipe_z_radar'],2.4407, -0.0016999983623362078, 0.0,0.0,",
2022/02/24/13:33:28.670164,2266,1645706008,666264295,,"['base_to_pipe_x_radar', 'base_to_pipe_y_radar', 'base_to_pipe_z_radar'],0.9996, 0.0003999999786666247, 0.0,0.0,",
2022/02/24/13:33:28.709064,2267,1645706008,706620454,,"['base_to_pipe_x_radar', 'base_to_pipe_y_radar', 'base_to_pipe_z_radar'],2.4394, 0.0003999999786666247, 0.0,0.0,",
2022/02/24/13:33:28.786532,2268,1645706008,783617496,,"['base_to_pipe_x_radar', 'base_to_pipe_y_radar', 'base_to_pipe_z_radar'],2.4397, 0.0003999999786666247, 0.0,0.0,",
2022/02/24/13:33:28.865881,2269,1645706008,861468076,,"['base_to_pipe_x_radar', 'base_to_pipe_y_radar', 'base_to_pipe_z_radar'],0.9966, 0.0033999868987574953, 0.0,0.0,",
2022/02/24/13:33:28.908926,2270,1645706008,904989480,,"['base_to_pipe_x_radar', 'base_to_pipe_y_radar', 'base_to_pipe_z_radar'],0.9932, 0.006799895192241133, 0.0,0.0,",
2022/02/24/13:33:28.948344,2271,1645706008,945385217,,"['base_to_pipe_x_radar', 'base_to_pipe_y_radar', 'base_to_pipe_z_radar'],2.4405, 0.006799895192241133, 0.0,0.0,",
2022/02/24/13:33:28.992365,2272,1645706008,985933303,,"['base_to_pipe_x_radar', 'base_to_pipe_y_radar', 'base_to_pipe_z_radar'],0.9954, 0.004599967555078635, 0.0,0.0,",
2022/02/24/13:33:29.031664,2273,1645706009,28070688,,"['base_to_pipe_x_radar', 'base_to_pipe_y_radar', 'base_to_pipe_z_radar'],0.9939, 0.006099924341355809, 0.0,0.0,",
2022/02/24/13:33:29.109198,2274,1645706009,107231378,,"['base_to_pipe_x_radar', 'base_to_pipe_y_radar', 'base_to_pipe_z_radar'],0.9926, 0.007399864929771135, 0.0,0.0,",
2022/02/24/13:33:29.152201,2275,1645706009,149065494,,"['base_to_pipe_x_radar', 'base_to_pipe_y_radar', 'base_to_pipe_z_radar'],0.9925, 0.007499859379745854, 0.0,0.0,",
2022/02/24/13:33:29.195015,2276,1645706009,191452503,,"['base_to_pipe_x_radar', 'base_to_pipe_y_radar', 'base_to_pipe_z_radar'],0.9934, 0.0065999041705046375, 0.0,0.0,",
2022/02/24/13:33:29.248132,2277,1645706009,242892980,,"['base_to_pipe_x_radar', 'base_to_pipe_y_radar', 'base_to_pipe_z_radar'],0.9948, 0.005199953131427042, 0.0,0.0,",
2022/02/24/13:33:29.301853,2278,1645706009,290507555,,"['base_to_pipe_x_radar', 'base_to_pipe_y_radar', 'base_to_pipe_z_radar'],0.9962, 0.0037999817094918277, 0.0,0.0,",
2022/02/24/13:33:29.336875,2279,1645706009,334684610,,"['base_to_pipe_x_radar', 'base_to_pipe_y_radar', 'base_to_pipe_z_radar'],2.4395, 0.0037999817094918277, 0.0,0.0,",
2022/02/24/13:33:29.410684,2280,1645706009,408804893,,"['base_to_pipe_x_radar', 'base_to_pipe_y_radar', 'base_to_pipe_z_radar'],0.9954, 0.004599967555078635, 0.0,0.0,",
2022/02/24/13:33:29.452248,2281,1645706009,448597192,,"['base_to_pipe_x_radar', 'base_to_pipe_y_radar', 'base_to_pipe_z_radar'],0.9983, 0.0016999983623362078, 0.0,0.0,",
2022/02/24/13:33:29.490862,2282,1645706009,488596677,,"['base_to_pipe_x_radar', 'base_to_pipe_y_radar', 'base_to_pipe_z_radar'],0.9965, 0.003499985708438324, 0.0,0.0,",
2022/02/24/13:33:29.529573,2283,1645706009,527386665,,"['base_to_pipe_x_radar', 'base_to_pipe_y_radar', 'base_to_pipe_z_radar'],0.9994, 0.0005999999280000605, 0.0,0.0,",
2022/02/24/13:33:29.608071,2284,1645706009,603580236,,"['base_to_pipe_x_radar', 'base_to_pipe_y_radar', 'base_to_pipe_z_radar'],2.4384, 0.0005999999280000605, 0.0,0.0,",
2022/02/24/13:33:29.652097,2285,1645706009,648572206,,"['base_to_pipe_x_radar', 'base_to_pipe_y_radar', 'base_to_pipe_z_radar'],1.0004, -0.0003999999786666247, 0.0,0.0,",
2022/02/24/13:33:29.693449,2286,1645706009,690550088,,"['base_to_pipe_x_radar', 'base_to_pipe_y_radar', 'base_to_pipe_z_radar'],2.4403, -0.0003999999786666247, 0.0,0.0,",
2022/02/24/13:33:29.735853,2287,1645706009,731350421,,"['base_to_pipe_x_radar', 'base_to_pipe_y_radar', 'base_to_pipe_z_radar'],1.0015, -0.0014999988750015755, 0.0,0.0,",
2022/02/24/13:33:29.814862,2288,1645706009,812249898,,"['base_to_pipe_x_radar', 'base_to_pipe_y_radar', 'base_to_pipe_z_radar'],1.0038, -0.0037999817094918277, 0.0,0.0,",
2022/02/24/13:33:29.856595,2289,1645706009,853196620,,"['base_to_pipe_x_radar', 'base_to_pipe_y_radar', 'base_to_pipe_z_radar'],2.441, -0.0037999817094918277, 0.0,0.0,",
2022/02/24/13:33:29.899704,2290,1645706009,896308660,,"['base_to_pipe_x_radar', 'base_to_pipe_y_radar', 'base_to_pipe_z_radar'],1.0054, -0.005399947512918383, 0.0,0.0,",
2022/02/24/13:33:29.940395,2291,1645706009,937519311,,"['base_to_pipe_x_radar', 'base_to_pipe_y_radar', 'base_to_pipe_z_radar'],1.0038, -0.0037999817094918277, 0.0,0.0,",
2022/02/24/13:33:29.982192,2292,1645706009,978718042,,"['base_to_pipe_x_radar', 'base_to_pipe_y_radar', 'base_to_pipe_z_radar'],1.0038, -0.0037999817094918277, 0.0,0.0,",
2022/02/24/13:33:30.064460,2293,1645706010,60055017,,"['base_to_pipe_x_radar', 'base_to_pipe_y_radar', 'base_to_pipe_z_radar'],1.0038, -0.0037999817094918277, 0.0,0.0,",
2022/02/24/13:33:30.111583,2294,1645706010,109395265,,"['base_to_pipe_x_radar', 'base_to_pipe_y_radar', 'base_to_pipe_z_radar'],1.0037, -0.00369998311580539, 0.0,0.0,",
2022/02/24/13:33:30.154322,2295,1645706010,150690317,,"['base_to_pipe_x_radar', 'base_to_pipe_y_radar', 'base_to_pipe_z_radar'],2.4386, -0.00369998311580539, 0.0,0.0,",
2022/02/24/13:33:30.200345,2296,1645706010,198146581,,"['base_to_pipe_x_radar', 'base_to_pipe_y_radar', 'base_to_pipe_z_radar'],2.4411, -0.00369998311580539, 0.0,0.0,",
2022/02/24/13:33:30.241022,2297,1645706010,239609003,,"['base_to_pipe_x_radar', 'base_to_pipe_y_radar', 'base_to_pipe_z_radar'],1.0046, -0.004599967555078524, 0.0,0.0,",
2022/02/24/13:33:30.284188,2298,1645706010,281612634,,"['base_to_pipe_x_radar', 'base_to_pipe_y_radar', 'base_to_pipe_z_radar'],1.0015, -0.0014999988750015755, 0.0,0.0,",
2022/02/24/13:33:30.364254,2299,1645706010,361648082,,"['base_to_pipe_x_radar', 'base_to_pipe_y_radar', 'base_to_pipe_z_radar'],2.4394, -0.0014999988750015755, 0.0,0.0,",
2022/02/24/13:33:30.404352,2300,1645706010,402786493,,"['base_to_pipe_x_radar', 'base_to_pipe_y_radar', 'base_to_pipe_z_radar'],1.001, -0.0009999996666667566, 0.0,0.0,",
2022/02/24/13:33:30.449595,2301,1645706010,443107604,,"['base_to_pipe_x_radar', 'base_to_pipe_y_radar', 'base_to_pipe_z_radar'],0.9985, 0.0014999988750014645, 0.0,0.0,",
2022/02/24/13:33:30.497955,2302,1645706010,488986253,,"['base_to_pipe_x_radar', 'base_to_pipe_y_radar', 'base_to_pipe_z_radar'],0.9987, 0.001299999267667377, 0.0,0.0,",
2022/02/24/13:33:30.536416,2303,1645706010,532304286,,"['base_to_pipe_x_radar', 'base_to_pipe_y_radar', 'base_to_pipe_z_radar'],0.9955, 0.004499969625368999, 0.0,0.0,",
2022/02/24/13:33:30.617118,2304,1645706010,611491680,,"['base_to_pipe_x_radar', 'base_to_pipe_y_radar', 'base_to_pipe_z_radar'],2.4394, 0.004499969625368999, 0.0,0.0,",
2022/02/24/13:33:30.660304,2305,1645706010,657398939,,"['base_to_pipe_x_radar', 'base_to_pipe_y_radar', 'base_to_pipe_z_radar'],0.9962, 0.0037999817094918277, 0.0,0.0,",
2022/02/24/13:33:30.709408,2306,1645706010,706468582,,"['base_to_pipe_x_radar', 'base_to_pipe_y_radar', 'base_to_pipe_z_radar'],0.9934, 0.0065999041705046375, 0.0,0.0,",
2022/02/24/13:33:30.754816,2307,1645706010,752055883,,"['base_to_pipe_x_radar', 'base_to_pipe_y_radar', 'base_to_pipe_z_radar'],2.4395, 0.0065999041705046375, 0.0,0.0,",
2022/02/24/13:33:30.799696,2308,1645706010,796614885,,"['base_to_pipe_x_radar', 'base_to_pipe_y_radar', 'base_to_pipe_z_radar'],0.9967, 0.0032999880210782396, 0.0,0.0,",
2022/02/24/13:33:30.850400,2309,1645706010,846782445,,"['base_to_pipe_x_radar', 'base_to_pipe_y_radar', 'base_to_pipe_z_radar'],0.996, 0.003999978666871468, 0.0,0.0,",
2022/02/24/13:33:30.895437,2310,1645706010,892100811,,"['base_to_pipe_x_radar', 'base_to_pipe_y_radar', 'base_to_pipe_z_radar'],0.9958, 0.004199975304261361, 0.0,0.0,",
2022/02/24/13:33:30.945686,2311,1645706010,940298557,,"['base_to_pipe_x_radar', 'base_to_pipe_y_radar', 'base_to_pipe_z_radar'],0.9961, 0.003899980227180461, 0.0,0.0,",
2022/02/24/13:33:31.002224,2312,1645706010,993828058,,"['base_to_pipe_x_radar', 'base_to_pipe_y_radar', 'base_to_pipe_z_radar'],0.9962, 0.0037999817094918277, 0.0,0.0,",
2022/02/24/13:33:31.116748,2313,1645706011,113681077,,"['base_to_pipe_x_radar', 'base_to_pipe_y_radar', 'base_to_pipe_z_radar'],0.9932, 0.006799895192241133, 0.0,0.0,",
2022/02/24/13:33:31.194600,2314,1645706011,190873384,,"['base_to_pipe_x_radar', 'base_to_pipe_y_radar', 'base_to_pipe_z_radar'],0.999, 0.0009999996666668677, 0.0,0.0,",
2022/02/24/13:33:31.233587,2315,1645706011,231060266,,"['base_to_pipe_x_radar', 'base_to_pipe_y_radar', 'base_to_pipe_z_radar'],0.9959, 0.004099977026565035, 0.0,0.0,",
2022/02/24/13:33:31.311870,2316,1645706011,307853460,,"['base_to_pipe_x_radar', 'base_to_pipe_y_radar', 'base_to_pipe_z_radar'],0.9997, 0.00029999999099996743, 0.0,0.0,",
2022/02/24/13:33:31.362685,2317,1645706011,352235078,,"['base_to_pipe_x_radar', 'base_to_pipe_y_radar', 'base_to_pipe_z_radar'],1.781, 0.00029999999099996743, 0.0,0.0,",
2022/02/24/13:33:31.418098,2318,1645706011,406879663,,"['base_to_pipe_x_radar', 'base_to_pipe_y_radar', 'base_to_pipe_z_radar'],1.0002, -0.00019999999733331136, 0.0,0.0,",
2022/02/24/13:33:31.458665,2319,1645706011,455561161,,"['base_to_pipe_x_radar', 'base_to_pipe_y_radar', 'base_to_pipe_z_radar'],1.0024, -0.002399995392015883, 0.0,0.0,",
2022/02/24/13:33:31.500943,2320,1645706011,496555089,,"['base_to_pipe_x_radar', 'base_to_pipe_y_radar', 'base_to_pipe_z_radar'],2.4415, -0.002399995392015883, 0.0,0.0,",
2022/02/24/13:33:31.581379,2321,1645706011,578317403,,"['base_to_pipe_x_radar', 'base_to_pipe_y_radar', 'base_to_pipe_z_radar'],1.0034, -0.0033999868987576063, 0.0,0.0,",
2022/02/24/13:33:31.660705,2322,1645706011,656703233,,"['base_to_pipe_x_radar', 'base_to_pipe_y_radar', 'base_to_pipe_z_radar'],2.441, -0.0033999868987576063, 0.0,0.0,",
2022/02/24/13:33:31.701453,2323,1645706011,698858499,,"['base_to_pipe_x_radar', 'base_to_pipe_y_radar', 'base_to_pipe_z_radar'],2.4407, -0.0033999868987576063, 0.0,0.0,",
2022/02/24/13:33:31.744223,2324,1645706011,741687536,,"['base_to_pipe_x_radar', 'base_to_pipe_y_radar', 'base_to_pipe_z_radar'],2.4392, -0.0033999868987576063, 0.0,0.0,",
2022/02/24/13:33:31.790031,2325,1645706011,783333301,,"['base_to_pipe_x_radar', 'base_to_pipe_y_radar', 'base_to_pipe_z_radar'],1.0069, -0.006899890500127862, 0.0,0.0,",
2022/02/24/13:33:31.831375,2326,1645706011,827769517,,"['base_to_pipe_x_radar', 'base_to_pipe_y_radar', 'base_to_pipe_z_radar'],2.4388, -0.006899890500127862, 0.0,0.0,",
2022/02/24/13:33:31.922867,2327,1645706011,919339656,,"['base_to_pipe_x_radar', 'base_to_pipe_y_radar', 'base_to_pipe_z_radar'],2.44, -0.006899890500127862, 0.0,0.0,",
2022/02/24/13:33:31.971828,2328,1645706011,963437795,,"['base_to_pipe_x_radar', 'base_to_pipe_y_radar', 'base_to_pipe_z_radar'],1.0056, -0.005599941462434822, 0.0,0.0,",
2022/02/24/13:33:32.013336,2329,1645706012,10870456,,"['base_to_pipe_x_radar', 'base_to_pipe_y_radar', 'base_to_pipe_z_radar'],1.0034, -0.0033999868987576063, 0.0,0.0,",
2022/02/24/13:33:32.055167,2330,1645706012,51401376,,"['base_to_pipe_x_radar', 'base_to_pipe_y_radar', 'base_to_pipe_z_radar'],1.002, -0.001999997333339735, 0.0,0.0,",
2022/02/24/13:33:32.095170,2331,1645706012,92721223,,"['base_to_pipe_x_radar', 'base_to_pipe_y_radar', 'base_to_pipe_z_radar'],2.4392, -0.001999997333339735, 0.0,0.0,",
2022/02/24/13:33:32.137398,2332,1645706012,134858131,,"['base_to_pipe_x_radar', 'base_to_pipe_y_radar', 'base_to_pipe_z_radar'],1.0018, -0.0017999980560038029, 0.0,0.0,",
2022/02/24/13:33:32.225815,2333,1645706012,223195552,,"['base_to_pipe_x_radar', 'base_to_pipe_y_radar', 'base_to_pipe_z_radar'],1.0001, -9.999999966665565e-05, 0.0,0.0,",
2022/02/24/13:33:32.268316,2334,1645706012,265880823,,"['base_to_pipe_x_radar', 'base_to_pipe_y_radar', 'base_to_pipe_z_radar'],2.4399, -9.999999966665565e-05, 0.0,0.0,",
2022/02/24/13:33:32.310102,2335,1645706012,307525873,,"['base_to_pipe_x_radar', 'base_to_pipe_y_radar', 'base_to_pipe_z_radar'],0.999, 0.0009999996666668677, 0.0,0.0,",
2022/02/24/13:33:32.361534,2336,1645706012,357832431,,"['base_to_pipe_x_radar', 'base_to_pipe_y_radar', 'base_to_pipe_z_radar'],0.997, 0.002999991000048602, 0.0,0.0,",
2022/02/24/13:33:32.402269,2337,1645706012,399629354,,"['base_to_pipe_x_radar', 'base_to_pipe_y_radar', 'base_to_pipe_z_radar'],0.9973, 0.0026999934390287334, 0.0,0.0,",
2022/02/24/13:33:32.455371,2338,1645706012,451618194,,"['base_to_pipe_x_radar', 'base_to_pipe_y_radar', 'base_to_pipe_z_radar'],0.9968, 0.0031999890774004223, 0.0,0.0,",
2022/02/24/13:33:32.498160,2339,1645706012,492396831,,"['base_to_pipe_x_radar', 'base_to_pipe_y_radar', 'base_to_pipe_z_radar'],0.9957, 0.0042999734979606505, 0.0,0.0,",
2022/02/24/13:33:32.533861,2340,1645706012,531247854,,"['base_to_pipe_x_radar', 'base_to_pipe_y_radar', 'base_to_pipe_z_radar'],0.9929, 0.007099880699941657, 0.0,0.0,",
2022/02/24/13:33:32.613722,2341,1645706012,610390186,,"['base_to_pipe_x_radar', 'base_to_pipe_y_radar', 'base_to_pipe_z_radar'],2.4372, 0.007099880699941657, 0.0,0.0,",
2022/02/24/13:33:32.652787,2342,1645706012,650980710,,"['base_to_pipe_x_radar', 'base_to_pipe_y_radar', 'base_to_pipe_z_radar'],0.9942, 0.005799934963979376, 0.0,0.0,",
2022/02/24/13:33:32.694177,2343,1645706012,692157506,,"['base_to_pipe_x_radar', 'base_to_pipe_y_radar', 'base_to_pipe_z_radar'],0.9944, 0.005599941462434822, 0.0,0.0,",
2022/02/24/13:33:32.738126,2344,1645706012,735533714,,"['base_to_pipe_x_radar', 'base_to_pipe_y_radar', 'base_to_pipe_z_radar'],0.9924, 0.007599853679737559, 0.0,0.0,",
2022/02/24/13:33:32.819282,2345,1645706012,816527843,,"['base_to_pipe_x_radar', 'base_to_pipe_y_radar', 'base_to_pipe_z_radar'],0.9923, 0.007699847827746712, 0.0,0.0,",
2022/02/24/13:33:32.862219,2346,1645706012,857655525,,"['base_to_pipe_x_radar', 'base_to_pipe_y_radar', 'base_to_pipe_z_radar'],0.995, 0.004999958333958327, 0.0,0.0,",
2022/02/24/13:33:32.905791,2347,1645706012,898794412,,"['base_to_pipe_x_radar', 'base_to_pipe_y_radar', 'base_to_pipe_z_radar'],0.9971, 0.002899991870374369, 0.0,0.0,",
2022/02/24/13:33:32.940461,2348,1645706012,938929319,,"['base_to_pipe_x_radar', 'base_to_pipe_y_radar', 'base_to_pipe_z_radar'],0.9988, 0.0011999994240004764, 0.0,0.0,",
2022/02/24/13:33:32.981359,2349,1645706012,977734565,,"['base_to_pipe_x_radar', 'base_to_pipe_y_radar', 'base_to_pipe_z_radar'],0.9951, 0.004899960784231623, 0.0,0.0,",
2022/02/24/13:33:33.057271,2350,1645706013,55016279,,"['base_to_pipe_x_radar', 'base_to_pipe_y_radar', 'base_to_pipe_z_radar'],0.9985, 0.0014999988750014645, 0.0,0.0,",
2022/02/24/13:33:33.096672,2351,1645706013,93472957,,"['base_to_pipe_x_radar', 'base_to_pipe_y_radar', 'base_to_pipe_z_radar'],1.7817, 0.0014999988750014645, 0.0,0.0,",
2022/02/24/13:33:33.138185,2352,1645706013,133083105,,"['base_to_pipe_x_radar', 'base_to_pipe_y_radar', 'base_to_pipe_z_radar'],0.9992, 0.0007999998293334218, 0.0,0.0,",
2022/02/24/13:33:33.213960,2353,1645706013,209416389,,"['base_to_pipe_x_radar', 'base_to_pipe_y_radar', 'base_to_pipe_z_radar'],1.0001, -9.999999966665565e-05, 0.0,0.0,",
2022/02/24/13:33:33.262412,2354,1645706013,253601312,,"['base_to_pipe_x_radar', 'base_to_pipe_y_radar', 'base_to_pipe_z_radar'],2.4404, -9.999999966665565e-05, 0.0,0.0,",
2022/02/24/13:33:33.296479,2355,1645706013,293684244,,"['base_to_pipe_x_radar', 'base_to_pipe_y_radar', 'base_to_pipe_z_radar'],2.4396, -9.999999966665565e-05, 0.0,0.0,",
2022/02/24/13:33:33.337455,2356,1645706013,332705974,,"['base_to_pipe_x_radar', 'base_to_pipe_y_radar', 'base_to_pipe_z_radar'],1.0019, -0.0018999977136716316, 0.0,0.0,",
2022/02/24/13:33:33.412181,2357,1645706013,408192873,,"['base_to_pipe_x_radar', 'base_to_pipe_y_radar', 'base_to_pipe_z_radar'],1.0032, -0.0031999890774005333, 0.0,0.0,",
2022/02/24/13:33:33.455993,2358,1645706013,452917575,,"['base_to_pipe_x_radar', 'base_to_pipe_y_radar', 'base_to_pipe_z_radar'],1.0053, -0.00529995037516979, 0.0,0.0,",
2022/02/24/13:33:33.494546,2359,1645706013,492870092,,"['base_to_pipe_x_radar', 'base_to_pipe_y_radar', 'base_to_pipe_z_radar'],1.7773, -0.00529995037516979, 0.0,0.0,",
2022/02/24/13:33:33.535155,2360,1645706013,533313512,,"['base_to_pipe_x_radar', 'base_to_pipe_y_radar', 'base_to_pipe_z_radar'],2.4399, -0.00529995037516979, 0.0,0.0,",
2022/02/24/13:33:33.612063,2361,1645706013,609171867,,"['base_to_pipe_x_radar', 'base_to_pipe_y_radar', 'base_to_pipe_z_radar'],2.44, -0.00529995037516979, 0.0,0.0,",
2022/02/24/13:33:33.653874,2362,1645706013,649870395,,"['base_to_pipe_x_radar', 'base_to_pipe_y_radar', 'base_to_pipe_z_radar'],1.0058, -0.005799934963979376, 0.0,0.0,",
2022/02/24/13:33:33.695340,2363,1645706013,690529823,,"['base_to_pipe_x_radar', 'base_to_pipe_y_radar', 'base_to_pipe_z_radar'],1.0033, -0.0032999880210783507, 0.0,0.0,",
2022/02/24/13:33:33.732063,2364,1645706013,730673551,,"['base_to_pipe_x_radar', 'base_to_pipe_y_radar', 'base_to_pipe_z_radar'],1.0018, -0.0017999980560038029, 0.0,0.0,",
2022/02/24/13:33:33.810088,2365,1645706013,808533668,,"['base_to_pipe_x_radar', 'base_to_pipe_y_radar', 'base_to_pipe_z_radar'],1.002, -0.001999997333339735, 0.0,0.0,",
2022/02/24/13:33:33.852513,2366,1645706013,851182222,,"['base_to_pipe_x_radar', 'base_to_pipe_y_radar', 'base_to_pipe_z_radar'],2.44, -0.001999997333339735, 0.0,0.0,",
2022/02/24/13:33:33.895090,2367,1645706013,892220020,,"['base_to_pipe_x_radar', 'base_to_pipe_y_radar', 'base_to_pipe_z_radar'],1.0007, -0.0006999998856666231, 0.0,0.0,",
2022/02/24/13:33:33.935910,2368,1645706013,933378458,,"['base_to_pipe_x_radar', 'base_to_pipe_y_radar', 'base_to_pipe_z_radar'],0.9991, 0.00089999975700013, 0.0,0.0,",
2022/02/24/13:33:34.014337,2369,1645706014,9128808,,"['base_to_pipe_x_radar', 'base_to_pipe_y_radar', 'base_to_pipe_z_radar'],2.4386, 0.00089999975700013, 0.0,0.0,",
2022/02/24/13:33:34.059391,2370,1645706014,52427053,,"['base_to_pipe_x_radar', 'base_to_pipe_y_radar', 'base_to_pipe_z_radar'],0.9988, 0.0011999994240004764, 0.0,0.0,",
2022/02/24/13:33:34.103199,2371,1645706014,98242759,,"['base_to_pipe_x_radar', 'base_to_pipe_y_radar', 'base_to_pipe_z_radar'],0.997, 0.002999991000048602, 0.0,0.0,",
2022/02/24/13:33:34.146719,2372,1645706014,144368171,,"['base_to_pipe_x_radar', 'base_to_pipe_y_radar', 'base_to_pipe_z_radar'],1.7769, 0.002999991000048602, 0.0,0.0,",
2022/02/24/13:33:34.184953,2373,1645706014,183601140,,"['base_to_pipe_x_radar', 'base_to_pipe_y_radar', 'base_to_pipe_z_radar'],0.9978, 0.0021999964506769537, 0.0,0.0,",
2022/02/24/13:33:34.249992,2374,1645706014,245544672,,"['base_to_pipe_x_radar', 'base_to_pipe_y_radar', 'base_to_pipe_z_radar'],0.9964, 0.0035999844481209788, 0.0,0.0,",
2022/02/24/13:33:34.334239,2375,1645706014,332658767,,"['base_to_pipe_x_radar', 'base_to_pipe_y_radar', 'base_to_pipe_z_radar'],0.9951, 0.004899960784231623, 0.0,0.0,",
2022/02/24/13:33:34.379140,2376,1645706014,377551794,,"['base_to_pipe_x_radar', 'base_to_pipe_y_radar', 'base_to_pipe_z_radar'],0.994, 0.005999928001555166, 0.0,0.0,",
2022/02/24/13:33:34.458462,2377,1645706014,455217599,,"['base_to_pipe_x_radar', 'base_to_pipe_y_radar', 'base_to_pipe_z_radar'],0.9935, 0.006499908460653795, 0.0,0.0,",
2022/02/24/13:33:34.499850,2378,1645706014,496794700,,"['base_to_pipe_x_radar', 'base_to_pipe_y_radar', 'base_to_pipe_z_radar'],0.9938, 0.006199920559165532, 0.0,0.0,",
2022/02/24/13:33:34.541120,2379,1645706014,538600683,,"['base_to_pipe_x_radar', 'base_to_pipe_y_radar', 'base_to_pipe_z_radar'],0.995, 0.004999958333958327, 0.0,0.0,",
2022/02/24/13:33:34.586534,2380,1645706014,584009885,,"['base_to_pipe_x_radar', 'base_to_pipe_y_radar', 'base_to_pipe_z_radar'],0.9963, 0.00369998311580539, 0.0,0.0,",
2022/02/24/13:33:34.663672,2381,1645706014,661082506,,"['base_to_pipe_x_radar', 'base_to_pipe_y_radar', 'base_to_pipe_z_radar'],0.9976, 0.002399995392015883, 0.0,0.0,",
2022/02/24/13:33:34.709084,2382,1645706014,703790903,,"['base_to_pipe_x_radar', 'base_to_pipe_y_radar', 'base_to_pipe_z_radar'],2.4384, 0.002399995392015883, 0.0,0.0,",
2022/02/24/13:33:34.756968,2383,1645706014,753796577,,"['base_to_pipe_x_radar', 'base_to_pipe_y_radar', 'base_to_pipe_z_radar'],0.9965, 0.003499985708438324, 0.0,0.0,",
2022/02/24/13:33:34.798835,2384,1645706014,795448303,,"['base_to_pipe_x_radar', 'base_to_pipe_y_radar', 'base_to_pipe_z_radar'],0.9983, 0.0016999983623362078, 0.0,0.0,",
2022/02/24/13:33:34.841803,2385,1645706014,836146593,,"['base_to_pipe_x_radar', 'base_to_pipe_y_radar', 'base_to_pipe_z_radar'],2.4391, 0.0016999983623362078, 0.0,0.0,",
2022/02/24/13:33:34.923497,2386,1645706014,917556524,,"['base_to_pipe_x_radar', 'base_to_pipe_y_radar', 'base_to_pipe_z_radar'],2.4398, 0.0016999983623362078, 0.0,0.0,",
2022/02/24/13:33:34.963764,2387,1645706014,958970069,,"['base_to_pipe_x_radar', 'base_to_pipe_y_radar', 'base_to_pipe_z_radar'],0.9997, 0.00029999999099996743, 0.0,0.0,",
2022/02/24/13:33:35.015304,2388,1645706015,11803150,,"['base_to_pipe_x_radar', 'base_to_pipe_y_radar', 'base_to_pipe_z_radar'],1.0032, -0.0031999890774005333, 0.0,0.0,",
2022/02/24/13:33:35.060728,2389,1645706015,52862167,,"['base_to_pipe_x_radar', 'base_to_pipe_y_radar', 'base_to_pipe_z_radar'],2.4393, -0.0031999890774005333, 0.0,0.0,",
2022/02/24/13:33:35.135539,2390,1645706015,131305456,,"['base_to_pipe_x_radar', 'base_to_pipe_y_radar', 'base_to_pipe_z_radar'],1.0014, -0.0013999990853344768, 0.0,0.0,",
2022/02/24/13:33:35.218268,2391,1645706015,213003635,,"['base_to_pipe_x_radar', 'base_to_pipe_y_radar', 'base_to_pipe_z_radar'],1.0033, -0.0032999880210783507, 0.0,0.0,",
2022/02/24/13:33:35.262146,2392,1645706015,258437633,,"['base_to_pipe_x_radar', 'base_to_pipe_y_radar', 'base_to_pipe_z_radar'],1.0042, -0.004199975304261361, 0.0,0.0,",
2022/02/24/13:33:35.309393,2393,1645706015,299745082,,"['base_to_pipe_x_radar', 'base_to_pipe_y_radar', 'base_to_pipe_z_radar'],1.0045, -0.004499969625368999, 0.0,0.0,",
2022/02/24/13:33:35.344709,2394,1645706015,341044187,,"['base_to_pipe_x_radar', 'base_to_pipe_y_radar', 'base_to_pipe_z_radar'],1.0043, -0.0042999734979606505, 0.0,0.0,",
2022/02/24/13:33:35.390213,2395,1645706015,385392665,,"['base_to_pipe_x_radar', 'base_to_pipe_y_radar', 'base_to_pipe_z_radar'],1.0035, -0.003499985708438435, 0.0,0.0,",
2022/02/24/13:33:35.432497,2396,1645706015,428797006,,"['base_to_pipe_x_radar', 'base_to_pipe_y_radar', 'base_to_pipe_z_radar'],1.0026, -0.0025999941413570316, 0.0,0.0,",
2022/02/24/13:33:35.510382,2397,1645706015,506910800,,"['base_to_pipe_x_radar', 'base_to_pipe_y_radar', 'base_to_pipe_z_radar'],1.0021, -0.002099996913008159, 0.0,0.0,",
2022/02/24/13:33:35.552241,2398,1645706015,549326419,,"['base_to_pipe_x_radar', 'base_to_pipe_y_radar', 'base_to_pipe_z_radar'],2.4403, -0.002099996913008159, 0.0,0.0,",
2022/02/24/13:33:35.594532,2399,1645706015,590940713,,"['base_to_pipe_x_radar', 'base_to_pipe_y_radar', 'base_to_pipe_z_radar'],2.4403, -0.002099996913008159, 0.0,0.0,",
2022/02/24/13:33:35.656783,2400,1645706015,644521713,,"['base_to_pipe_x_radar', 'base_to_pipe_y_radar', 'base_to_pipe_z_radar'],1.0005, -0.0004999999583332845, 0.0,0.0,",
2022/02/24/13:33:35.689089,2401,1645706015,685863018,,"['base_to_pipe_x_radar', 'base_to_pipe_y_radar', 'base_to_pipe_z_radar'],0.9996, 0.0003999999786666247, 0.0,0.0,",
2022/02/24/13:33:35.774278,2402,1645706015,769021987,,"['base_to_pipe_x_radar', 'base_to_pipe_y_radar', 'base_to_pipe_z_radar'],2.4385, 0.0003999999786666247, 0.0,0.0,",
2022/02/24/13:33:35.819852,2403,1645706015,816697359,,"['base_to_pipe_x_radar', 'base_to_pipe_y_radar', 'base_to_pipe_z_radar'],0.9993, 0.0006999998856667342, 0.0,0.0,",
2022/02/24/13:33:35.863278,2404,1645706015,858532428,,"['base_to_pipe_x_radar', 'base_to_pipe_y_radar', 'base_to_pipe_z_radar'],0.9978, 0.0021999964506769537, 0.0,0.0,",
2022/02/24/13:33:35.943755,2405,1645706015,938383102,,"['base_to_pipe_x_radar', 'base_to_pipe_y_radar', 'base_to_pipe_z_radar'],0.9977, 0.0022999959443461746, 0.0,0.0,",
2022/02/24/13:33:35.990818,2406,1645706015,982776165,,"['base_to_pipe_x_radar', 'base_to_pipe_y_radar', 'base_to_pipe_z_radar'],0.9974, 0.0025999941413571426, 0.0,0.0,",
2022/02/24/13:33:36.074294,2407,1645706016,67427158,,"['base_to_pipe_x_radar', 'base_to_pipe_y_radar', 'base_to_pipe_z_radar'],0.9969, 0.0030999900697239163, 0.0,0.0,",
2022/02/24/13:33:36.119184,2408,1645706016,112270116,,"['base_to_pipe_x_radar', 'base_to_pipe_y_radar', 'base_to_pipe_z_radar'],0.996, 0.003999978666871468, 0.0,0.0,",
2022/02/24/13:33:36.168000,2409,1645706016,162520408,,"['base_to_pipe_x_radar', 'base_to_pipe_y_radar', 'base_to_pipe_z_radar'],0.995, 0.004999958333958327, 0.0,0.0,",
2022/02/24/13:33:36.214210,2410,1645706016,208274602,,"['base_to_pipe_x_radar', 'base_to_pipe_y_radar', 'base_to_pipe_z_radar'],0.9947, 0.005299950375169679, 0.0,0.0,",
2022/02/24/13:33:36.257744,2411,1645706016,253165483,,"['base_to_pipe_x_radar', 'base_to_pipe_y_radar', 'base_to_pipe_z_radar'],0.9952, 0.004799963136509626, 0.0,0.0,",
2022/02/24/13:33:36.302742,2412,1645706016,298229455,,"['base_to_pipe_x_radar', 'base_to_pipe_y_radar', 'base_to_pipe_z_radar'],0.9963, 0.00369998311580539, 0.0,0.0,",
2022/02/24/13:33:36.348079,2413,1645706016,340040206,,"['base_to_pipe_x_radar', 'base_to_pipe_y_radar', 'base_to_pipe_z_radar'],0.9976, 0.002399995392015883, 0.0,0.0,",
2022/02/24/13:33:36.389683,2414,1645706016,386990785,,"['base_to_pipe_x_radar', 'base_to_pipe_y_radar', 'base_to_pipe_z_radar'],0.9988, 0.0011999994240004764, 0.0,0.0,",
2022/02/24/13:33:36.468865,2415,1645706016,465639591,,"['base_to_pipe_x_radar', 'base_to_pipe_y_radar', 'base_to_pipe_z_radar'],2.4388, 0.0011999994240004764, 0.0,0.0,",
2022/02/24/13:33:36.510529,2416,1645706016,506907224,,"['base_to_pipe_x_radar', 'base_to_pipe_y_radar', 'base_to_pipe_z_radar'],0.9965, 0.003499985708438324, 0.0,0.0,",
2022/02/24/13:33:36.553938,2417,1645706016,548797130,,"['base_to_pipe_x_radar', 'base_to_pipe_y_radar', 'base_to_pipe_z_radar'],0.9988, 0.0011999994240004764, 0.0,0.0,",
2022/02/24/13:33:36.595167,2418,1645706016,591144800,,"['base_to_pipe_x_radar', 'base_to_pipe_y_radar', 'base_to_pipe_z_radar'],2.4396, 0.0011999994240004764, 0.0,0.0,",
2022/02/24/13:33:36.636987,2419,1645706016,629687309,,"['base_to_pipe_x_radar', 'base_to_pipe_y_radar', 'base_to_pipe_z_radar'],2.4398, 0.0011999994240004764, 0.0,0.0,",
2022/02/24/13:33:36.708660,2420,1645706016,705323457,,"['base_to_pipe_x_radar', 'base_to_pipe_y_radar', 'base_to_pipe_z_radar'],0.9997, 0.00029999999099996743, 0.0,0.0,",
2022/02/24/13:33:36.748190,2421,1645706016,744465827,,"['base_to_pipe_x_radar', 'base_to_pipe_y_radar', 'base_to_pipe_z_radar'],1.0021, -0.002099996913008159, 0.0,0.0,",
2022/02/24/13:33:36.791669,2422,1645706016,784207344,,"['base_to_pipe_x_radar', 'base_to_pipe_y_radar', 'base_to_pipe_z_radar'],2.4397, -0.002099996913008159, 0.0,0.0,",
2022/02/24/13:33:36.833656,2423,1645706016,829927921,,"['base_to_pipe_x_radar', 'base_to_pipe_y_radar', 'base_to_pipe_z_radar'],2.4395, -0.002099996913008159, 0.0,0.0,",
2022/02/24/13:33:36.907582,2424,1645706016,905052185,,"['base_to_pipe_x_radar', 'base_to_pipe_y_radar', 'base_to_pipe_z_radar'],1.0014, -0.0013999990853344768, 0.0,0.0,",
2022/02/24/13:33:36.952255,2425,1645706016,947106599,,"['base_to_pipe_x_radar', 'base_to_pipe_y_radar', 'base_to_pipe_z_radar'],1.0019, -0.0018999977136716316, 0.0,0.0,",
2022/02/24/13:33:36.995890,2426,1645706016,989936590,,"['base_to_pipe_x_radar', 'base_to_pipe_y_radar', 'base_to_pipe_z_radar'],1.0025, -0.0024999947916861443, 0.0,0.0,",
2022/02/24/13:33:37.042263,2427,1645706017,32741546,,"['base_to_pipe_x_radar', 'base_to_pipe_y_radar', 'base_to_pipe_z_radar'],1.0029, -0.002899991870374258, 0.0,0.0,",
2022/02/24/13:33:37.117752,2428,1645706017,115210294,,"['base_to_pipe_x_radar', 'base_to_pipe_y_radar', 'base_to_pipe_z_radar'],1.0027, -0.0026999934390286224, 0.0,0.0,",
2022/02/24/13:33:37.162175,2429,1645706017,155432224,,"['base_to_pipe_x_radar', 'base_to_pipe_y_radar', 'base_to_pipe_z_radar'],1.002, -0.001999997333339735, 0.0,0.0,",
2022/02/24/13:33:37.202175,2430,1645706017,199480772,,"['base_to_pipe_x_radar', 'base_to_pipe_y_radar', 'base_to_pipe_z_radar'],1.0013, -0.001299999267667488, 0.0,0.0,",
2022/02/24/13:33:37.241529,2431,1645706017,239965677,,"['base_to_pipe_x_radar', 'base_to_pipe_y_radar', 'base_to_pipe_z_radar'],1.0016, -0.0015999986346688097, 0.0,0.0,",
2022/02/24/13:33:37.286341,2432,1645706017,280219793,,"['base_to_pipe_x_radar', 'base_to_pipe_y_radar', 'base_to_pipe_z_radar'],2.441, -0.0015999986346688097, 0.0,0.0,",
2022/02/24/13:33:37.364832,2433,1645706017,361625671,,"['base_to_pipe_x_radar', 'base_to_pipe_y_radar', 'base_to_pipe_z_radar'],1.0037, -0.00369998311580539, 0.0,0.0,",
2022/02/24/13:33:37.408452,2434,1645706017,406135559,,"['base_to_pipe_x_radar', 'base_to_pipe_y_radar', 'base_to_pipe_z_radar'],1.0001, -9.999999966665565e-05, 0.0,0.0,",
2022/02/24/13:33:37.450961,2435,1645706017,448877811,,"['base_to_pipe_x_radar', 'base_to_pipe_y_radar', 'base_to_pipe_z_radar'],0.9989, 0.0010999995563336453, 0.0,0.0,",
2022/02/24/13:33:37.497408,2436,1645706017,493100404,,"['base_to_pipe_x_radar', 'base_to_pipe_y_radar', 'base_to_pipe_z_radar'],2.4387, 0.0010999995563336453, 0.0,0.0,",
2022/02/24/13:33:37.546215,2437,1645706017,541685581,,"['base_to_pipe_x_radar', 'base_to_pipe_y_radar', 'base_to_pipe_z_radar'],0.9997, 0.00029999999099996743, 0.0,0.0,",
2022/02/24/13:33:37.596416,2438,1645706017,591202020,,"['base_to_pipe_x_radar', 'base_to_pipe_y_radar', 'base_to_pipe_z_radar'],0.9976, 0.002399995392015883, 0.0,0.0,",
2022/02/24/13:33:37.638765,2439,1645706017,635833263,,"['base_to_pipe_x_radar', 'base_to_pipe_y_radar', 'base_to_pipe_z_radar'],0.9963, 0.00369998311580539, 0.0,0.0,",
2022/02/24/13:33:37.732194,2440,1645706017,729686498,,"['base_to_pipe_x_radar', 'base_to_pipe_y_radar', 'base_to_pipe_z_radar'],1.7776, 0.00369998311580539, 0.0,0.0,",
2022/02/24/13:33:37.776096,2441,1645706017,769979476,,"['base_to_pipe_x_radar', 'base_to_pipe_y_radar', 'base_to_pipe_z_radar'],0.9977, 0.0022999959443461746, 0.0,0.0,",
2022/02/24/13:33:37.821557,2442,1645706017,818074226,,"['base_to_pipe_x_radar', 'base_to_pipe_y_radar', 'base_to_pipe_z_radar'],0.9974, 0.0025999941413571426, 0.0,0.0,",
2022/02/24/13:33:37.865567,2443,1645706017,861996889,,"['base_to_pipe_x_radar', 'base_to_pipe_y_radar', 'base_to_pipe_z_radar'],0.996, 0.003999978666871468, 0.0,0.0,",
2022/02/24/13:33:37.916264,2444,1645706017,907036066,,"['base_to_pipe_x_radar', 'base_to_pipe_y_radar', 'base_to_pipe_z_radar'],0.9966, 0.0033999868987574953, 0.0,0.0,",
2022/02/24/13:33:37.959913,2445,1645706017,955758810,,"['base_to_pipe_x_radar', 'base_to_pipe_y_radar', 'base_to_pipe_z_radar'],0.996, 0.003999978666871468, 0.0,0.0,",
2022/02/24/13:33:38.002750,2446,1645706017,995738983,,"['base_to_pipe_x_radar', 'base_to_pipe_y_radar', 'base_to_pipe_z_radar'],0.9959, 0.004099977026565035, 0.0,0.0,",
2022/02/24/13:33:38.048004,2447,1645706018,43027877,,"['base_to_pipe_x_radar', 'base_to_pipe_y_radar', 'base_to_pipe_z_radar'],0.9976, 0.002399995392015883, 0.0,0.0,",
2022/02/24/13:33:38.093767,2448,1645706018,90473890,,"['base_to_pipe_x_radar', 'base_to_pipe_y_radar', 'base_to_pipe_z_radar'],0.9985, 0.0014999988750014645, 0.0,0.0,",
2022/02/24/13:33:38.185118,2449,1645706018,177540063,,"['base_to_pipe_x_radar', 'base_to_pipe_y_radar', 'base_to_pipe_z_radar'],2.4398, 0.0014999988750014645, 0.0,0.0,",
2022/02/24/13:33:38.227901,2450,1645706018,224291324,,"['base_to_pipe_x_radar', 'base_to_pipe_y_radar', 'base_to_pipe_z_radar'],2.44, 0.0014999988750014645, 0.0,0.0,",
2022/02/24/13:33:38.308224,2451,1645706018,304886341,,"['base_to_pipe_x_radar', 'base_to_pipe_y_radar', 'base_to_pipe_z_radar'],0.9991, 0.00089999975700013, 0.0,0.0,",
2022/02/24/13:33:38.362159,2452,1645706018,358492612,,"['base_to_pipe_x_radar', 'base_to_pipe_y_radar', 'base_to_pipe_z_radar'],2.4394, 0.00089999975700013, 0.0,0.0,",
2022/02/24/13:33:38.418158,2453,1645706018,400314569,,"['base_to_pipe_x_radar', 'base_to_pipe_y_radar', 'base_to_pipe_z_radar'],0.9986, 0.0013999990853343657, 0.0,0.0,",
2022/02/24/13:33:38.462610,2454,1645706018,460142612,,"['base_to_pipe_x_radar', 'base_to_pipe_y_radar', 'base_to_pipe_z_radar'],0.9996, 0.0003999999786666247, 0.0,0.0,",
2022/02/24/13:33:38.514123,2455,1645706018,511018753,,"['base_to_pipe_x_radar', 'base_to_pipe_y_radar', 'base_to_pipe_z_radar'],1.0017, -0.0016999983623362078, 0.0,0.0,",
2022/02/24/13:33:38.593305,2456,1645706018,588680505,,"['base_to_pipe_x_radar', 'base_to_pipe_y_radar', 'base_to_pipe_z_radar'],2.4409, -0.0016999983623362078, 0.0,0.0,",
2022/02/24/13:33:38.636159,2457,1645706018,631189107,,"['base_to_pipe_x_radar', 'base_to_pipe_y_radar', 'base_to_pipe_z_radar'],1.0013, -0.001299999267667488, 0.0,0.0,",
2022/02/24/13:33:38.716214,2458,1645706018,711288213,,"['base_to_pipe_x_radar', 'base_to_pipe_y_radar', 'base_to_pipe_z_radar'],1.0011, -0.0010999995563337563, 0.0,0.0,",
2022/02/24/13:33:38.760360,2459,1645706018,755017280,,"['base_to_pipe_x_radar', 'base_to_pipe_y_radar', 'base_to_pipe_z_radar'],1.0023, -0.0022999959443461746, 0.0,0.0,",
2022/02/24/13:33:38.805000,2460,1645706018,800804853,,"['base_to_pipe_x_radar', 'base_to_pipe_y_radar', 'base_to_pipe_z_radar'],1.0021, -0.002099996913008159, 0.0,0.0,",
2022/02/24/13:33:38.856661,2461,1645706018,846604347,,"['base_to_pipe_x_radar', 'base_to_pipe_y_radar', 'base_to_pipe_z_radar'],1.0024, -0.002399995392015883, 0.0,0.0,",
2022/02/24/13:33:38.902710,2462,1645706018,898570060,,"['base_to_pipe_x_radar', 'base_to_pipe_y_radar', 'base_to_pipe_z_radar'],1.002, -0.001999997333339735, 0.0,0.0,",
2022/02/24/13:33:38.949077,2463,1645706018,943414926,,"['base_to_pipe_x_radar', 'base_to_pipe_y_radar', 'base_to_pipe_z_radar'],1.0015, -0.0014999988750015755, 0.0,0.0,",
2022/02/24/13:33:38.994006,2464,1645706018,989802837,,"['base_to_pipe_x_radar', 'base_to_pipe_y_radar', 'base_to_pipe_z_radar'],2.4409, -0.0014999988750015755, 0.0,0.0,",
2022/02/24/13:33:39.037744,2465,1645706019,32635211,,"['base_to_pipe_x_radar', 'base_to_pipe_y_radar', 'base_to_pipe_z_radar'],2.4403, -0.0014999988750015755, 0.0,0.0,",
2022/02/24/13:33:39.119827,2466,1645706019,111181020,,"['base_to_pipe_x_radar', 'base_to_pipe_y_radar', 'base_to_pipe_z_radar'],1.002, -0.001999997333339735, 0.0,0.0,",
2022/02/24/13:33:39.161689,2467,1645706019,157325029,,"['base_to_pipe_x_radar', 'base_to_pipe_y_radar', 'base_to_pipe_z_radar'],0.9999, 9.999999966665565e-05, 0.0,0.0,",
2022/02/24/13:33:39.208045,2468,1645706019,203248739,,"['base_to_pipe_x_radar', 'base_to_pipe_y_radar', 'base_to_pipe_z_radar'],0.999, 0.0009999996666668677, 0.0,0.0,",
2022/02/24/13:33:39.265760,2469,1645706019,247159957,,"['base_to_pipe_x_radar', 'base_to_pipe_y_radar', 'base_to_pipe_z_radar'],2.4384, 0.0009999996666668677, 0.0,0.0,",
2022/02/24/13:33:39.324628,2470,1645706019,303304195,,"['base_to_pipe_x_radar', 'base_to_pipe_y_radar', 'base_to_pipe_z_radar'],0.9999, 9.999999966665565e-05, 0.0,0.0,",
2022/02/24/13:33:39.359663,2471,1645706019,357776641,,"['base_to_pipe_x_radar', 'base_to_pipe_y_radar', 'base_to_pipe_z_radar'],0.9978, 0.0021999964506769537, 0.0,0.0,",
2022/02/24/13:33:39.399926,2472,1645706019,397187232,,"['base_to_pipe_x_radar', 'base_to_pipe_y_radar', 'base_to_pipe_z_radar'],0.9961, 0.003899980227180461, 0.0,0.0,",
2022/02/24/13:33:39.514561,2473,1645706019,511964321,,"['base_to_pipe_x_radar', 'base_to_pipe_y_radar', 'base_to_pipe_z_radar'],2.439, 0.003899980227180461, 0.0,0.0,",
2022/02/24/13:33:39.559801,2474,1645706019,554074525,,"['base_to_pipe_x_radar', 'base_to_pipe_y_radar', 'base_to_pipe_z_radar'],0.998, 0.001999997333339735, 0.0,0.0,",
2022/02/24/13:33:39.601269,2475,1645706019,598747253,,"['base_to_pipe_x_radar', 'base_to_pipe_y_radar', 'base_to_pipe_z_radar'],0.9973, 0.0026999934390287334, 0.0,0.0,",
2022/02/24/13:33:39.640998,2476,1645706019,638664484,,"['base_to_pipe_x_radar', 'base_to_pipe_y_radar', 'base_to_pipe_z_radar'],0.997, 0.002999991000048602, 0.0,0.0,",
2022/02/24/13:33:39.682398,2477,1645706019,680013418,,"['base_to_pipe_x_radar', 'base_to_pipe_y_radar', 'base_to_pipe_z_radar'],0.997, 0.002999991000048602, 0.0,0.0,",
2022/02/24/13:33:39.757343,2478,1645706019,754447698,,"['base_to_pipe_x_radar', 'base_to_pipe_y_radar', 'base_to_pipe_z_radar'],0.9975, 0.0024999947916861443, 0.0,0.0,",
2022/02/24/13:33:39.797824,2479,1645706019,795587301,,"['base_to_pipe_x_radar', 'base_to_pipe_y_radar', 'base_to_pipe_z_radar'],0.9982, 0.0017999980560038029, 0.0,0.0,",
2022/02/24/13:33:39.838623,2480,1645706019,836290836,,"['base_to_pipe_x_radar', 'base_to_pipe_y_radar', 'base_to_pipe_z_radar'],2.4394, 0.0017999980560038029, 0.0,0.0,",
2022/02/24/13:33:39.915036,2481,1645706019,912784576,,"['base_to_pipe_x_radar', 'base_to_pipe_y_radar', 'base_to_pipe_z_radar'],2.4391, 0.0017999980560038029, 0.0,0.0,",
2022/02/24/13:33:39.962329,2482,1645706019,954464197,,"['base_to_pipe_x_radar', 'base_to_pipe_y_radar', 'base_to_pipe_z_radar'],0.9965, 0.003499985708438324, 0.0,0.0,",
2022/02/24/13:33:40.000426,2483,1645706019,997507810,,"['base_to_pipe_x_radar', 'base_to_pipe_y_radar', 'base_to_pipe_z_radar'],0.9978, 0.0021999964506769537, 0.0,0.0,",
2022/02/24/13:33:40.044783,2484,1645706020,41590213,,"['base_to_pipe_x_radar', 'base_to_pipe_y_radar', 'base_to_pipe_z_radar'],0.9997, 0.00029999999099996743, 0.0,0.0,",
2022/02/24/13:33:40.092192,2485,1645706020,88423252,,"['base_to_pipe_x_radar', 'base_to_pipe_y_radar', 'base_to_pipe_z_radar'],2.4388, 0.00029999999099996743, 0.0,0.0,",
2022/02/24/13:33:40.137853,2486,1645706020,134320735,,"['base_to_pipe_x_radar', 'base_to_pipe_y_radar', 'base_to_pipe_z_radar'],0.9996, 0.0003999999786666247, 0.0,0.0,",
2022/02/24/13:33:40.220526,2487,1645706020,213850736,,"['base_to_pipe_x_radar', 'base_to_pipe_y_radar', 'base_to_pipe_z_radar'],0.9999, 9.999999966665565e-05, 0.0,0.0,",
2022/02/24/13:33:40.269374,2488,1645706020,260883569,,"['base_to_pipe_x_radar', 'base_to_pipe_y_radar', 'base_to_pipe_z_radar'],1.0015, -0.0014999988750015755, 0.0,0.0,",
2022/02/24/13:33:40.308233,2489,1645706020,305042266,,"['base_to_pipe_x_radar', 'base_to_pipe_y_radar', 'base_to_pipe_z_radar'],2.4403, -0.0014999988750015755, 0.0,0.0,",
2022/02/24/13:33:40.354062,2490,1645706020,351321697,,"['base_to_pipe_x_radar', 'base_to_pipe_y_radar', 'base_to_pipe_z_radar'],2.4413, -0.0014999988750015755, 0.0,0.0,",
2022/02/24/13:33:40.398626,2491,1645706020,395399332,,"['base_to_pipe_x_radar', 'base_to_pipe_y_radar', 'base_to_pipe_z_radar'],2.4408, -0.0014999988750015755, 0.0,0.0,",
2022/02/24/13:33:40.440628,2492,1645706020,437670469,,"['base_to_pipe_x_radar', 'base_to_pipe_y_radar', 'base_to_pipe_z_radar'],1.0015, -0.0014999988750015755, 0.0,0.0,",
2022/02/24/13:33:40.482235,2493,1645706020,479351758,,"['base_to_pipe_x_radar', 'base_to_pipe_y_radar', 'base_to_pipe_z_radar'],1.0013, -0.001299999267667488, 0.0,0.0,",
2022/02/24/13:33:40.563720,2494,1645706020,560482025,,"['base_to_pipe_x_radar', 'base_to_pipe_y_radar', 'base_to_pipe_z_radar'],1.0013, -0.001299999267667488, 0.0,0.0,",
2022/02/24/13:33:40.609619,2495,1645706020,603799581,,"['base_to_pipe_x_radar', 'base_to_pipe_y_radar', 'base_to_pipe_z_radar'],1.0013, -0.001299999267667488, 0.0,0.0,",
2022/02/24/13:33:40.655349,2496,1645706020,648853778,,"['base_to_pipe_x_radar', 'base_to_pipe_y_radar', 'base_to_pipe_z_radar'],1.0013, -0.001299999267667488, 0.0,0.0,",
2022/02/24/13:33:40.698289,2497,1645706020,694677829,,"['base_to_pipe_x_radar', 'base_to_pipe_y_radar', 'base_to_pipe_z_radar'],2.4409, -0.001299999267667488, 0.0,0.0,",
2022/02/24/13:33:40.743696,2498,1645706020,740455150,,"['base_to_pipe_x_radar', 'base_to_pipe_y_radar', 'base_to_pipe_z_radar'],2.4412, -0.001299999267667488, 0.0,0.0,",
2022/02/24/13:33:40.787621,2499,1645706020,782833576,,"['base_to_pipe_x_radar', 'base_to_pipe_y_radar', 'base_to_pipe_z_radar'],1.0042, -0.004199975304261361, 0.0,0.0,",
2022/02/24/13:33:40.871796,2500,1645706020,867758750,,"['base_to_pipe_x_radar', 'base_to_pipe_y_radar', 'base_to_pipe_z_radar'],1.0012, -0.0011999994240005874, 0.0,0.0,",
2022/02/24/13:33:40.919083,2501,1645706020,913945436,,"['base_to_pipe_x_radar', 'base_to_pipe_y_radar', 'base_to_pipe_z_radar'],0.9995, 0.0004999999583332845, 0.0,0.0,",
2022/02/24/13:33:40.960411,2502,1645706020,957932949,,"['base_to_pipe_x_radar', 'base_to_pipe_y_radar', 'base_to_pipe_z_radar'],0.9989, 0.0010999995563336453, 0.0,0.0,",
2022/02/24/13:33:40.999849,2503,1645706020,997508764,,"['base_to_pipe_x_radar', 'base_to_pipe_y_radar', 'base_to_pipe_z_radar'],2.439, 0.0010999995563336453, 0.0,0.0,",
2022/02/24/13:33:41.050056,2504,1645706021,41693210,,"['base_to_pipe_x_radar', 'base_to_pipe_y_radar', 'base_to_pipe_z_radar'],1.0, -0.0, 0.0,0.0,",
2022/02/24/13:33:41.085320,2505,1645706021,82304716,,"['base_to_pipe_x_radar', 'base_to_pipe_y_radar', 'base_to_pipe_z_radar'],0.9982, 0.0017999980560038029, 0.0,0.0,",
2022/02/24/13:33:41.167025,2506,1645706021,163111448,,"['base_to_pipe_x_radar', 'base_to_pipe_y_radar', 'base_to_pipe_z_radar'],0.9965, 0.003499985708438324, 0.0,0.0,",
2022/02/24/13:33:41.207223,2507,1645706021,205041170,,"['base_to_pipe_x_radar', 'base_to_pipe_y_radar', 'base_to_pipe_z_radar'],2.4396, 0.003499985708438324, 0.0,0.0,",
2022/02/24/13:33:41.249396,2508,1645706021,245906829,,"['base_to_pipe_x_radar', 'base_to_pipe_y_radar', 'base_to_pipe_z_radar'],2.4394, 0.003499985708438324, 0.0,0.0,",
2022/02/24/13:33:41.290961,2509,1645706021,286552667,,"['base_to_pipe_x_radar', 'base_to_pipe_y_radar', 'base_to_pipe_z_radar'],2.4395, 0.003499985708438324, 0.0,0.0,",
2022/02/24/13:33:41.368702,2510,1645706021,365197658,,"['base_to_pipe_x_radar', 'base_to_pipe_y_radar', 'base_to_pipe_z_radar'],0.9983, 0.0016999983623362078, 0.0,0.0,",
2022/02/24/13:33:41.411483,2511,1645706021,409200429,,"['base_to_pipe_x_radar', 'base_to_pipe_y_radar', 'base_to_pipe_z_radar'],0.998, 0.001999997333339735, 0.0,0.0,",
2022/02/24/13:33:41.457653,2512,1645706021,453412532,,"['base_to_pipe_x_radar', 'base_to_pipe_y_radar', 'base_to_pipe_z_radar'],0.9979, 0.002099996913008159, 0.0,0.0,",
2022/02/24/13:33:41.497729,2513,1645706021,494466304,,"['base_to_pipe_x_radar', 'base_to_pipe_y_radar', 'base_to_pipe_z_radar'],0.9983, 0.0016999983623362078, 0.0,0.0,",
2022/02/24/13:33:41.536491,2514,1645706021,534066200,,"['base_to_pipe_x_radar', 'base_to_pipe_y_radar', 'base_to_pipe_z_radar'],2.4389, 0.0016999983623362078, 0.0,0.0,",
2022/02/24/13:33:41.616008,2515,1645706021,612896919,,"['base_to_pipe_x_radar', 'base_to_pipe_y_radar', 'base_to_pipe_z_radar'],2.4385, 0.0016999983623362078, 0.0,0.0,",
2022/02/24/13:33:41.661253,2516,1645706021,658455848,,"['base_to_pipe_x_radar', 'base_to_pipe_y_radar', 'base_to_pipe_z_radar'],0.9964, 0.0035999844481209788, 0.0,0.0,",
2022/02/24/13:33:41.704330,2517,1645706021,700646638,,"['base_to_pipe_x_radar', 'base_to_pipe_y_radar', 'base_to_pipe_z_radar'],0.9969, 0.0030999900697239163, 0.0,0.0,",
2022/02/24/13:33:41.757762,2518,1645706021,747418642,,"['base_to_pipe_x_radar', 'base_to_pipe_y_radar', 'base_to_pipe_z_radar'],0.9984, 0.0015999986346688097, 0.0,0.0,",
2022/02/24/13:33:41.797947,2519,1645706021,794396400,,"['base_to_pipe_x_radar', 'base_to_pipe_y_radar', 'base_to_pipe_z_radar'],1.0005, -0.0004999999583332845, 0.0,0.0,",
2022/02/24/13:33:41.843222,2520,1645706021,840281248,,"['base_to_pipe_x_radar', 'base_to_pipe_y_radar', 'base_to_pipe_z_radar'],2.4383, -0.0004999999583332845, 0.0,0.0,",
2022/02/24/13:33:41.886455,2521,1645706021,881936788,,"['base_to_pipe_x_radar', 'base_to_pipe_y_radar', 'base_to_pipe_z_radar'],0.9992, 0.0007999998293334218, 0.0,0.0,",
2022/02/24/13:33:41.970057,2522,1645706021,965623140,,"['base_to_pipe_x_radar', 'base_to_pipe_y_radar', 'base_to_pipe_z_radar'],0.9996, 0.0003999999786666247, 0.0,0.0,",
2022/02/24/13:33:42.012764,2523,1645706022,9938955,,"['base_to_pipe_x_radar', 'base_to_pipe_y_radar', 'base_to_pipe_z_radar'],1.0012, -0.0011999994240005874, 0.0,0.0,",
